{
  "accuracy": 0.5793453867520159,
  "macro_f1": 0.4424917431042266,
  "weighted_f1": 0.5496178397172573,
  "datasets": [
    "sthelar_s0",
    "sthelar_s1",
    "sthelar_s3",
    "sthelar_s6"
  ],
  "best_val_f1": 0.4433099651108009
}