{
  "accuracy": 0.4686402364806121,
  "macro_f1": 0.28085692512974403,
  "weighted_f1": 0.48118727050187965
}