{
  "accuracy": 0.5092215008192783,
  "macro_f1": 0.29800310109541533,
  "weighted_f1": 0.5374032621721837
}