{
  "dense": {
    "methods": [
      "cellpose3_cyto3",
      "cellpose3_nuclei",
      "cellpose_sam",
      "instanseg",
      "stardist"
    ],
    "pairwise_iou": [
      [
        1.0,
        1.0,
        1.0,
        0.8868116927260367,
        0.6911609310638168
      ],
      [
        1.0,
        1.0,
        1.0,
        0.8868116927260367,
        0.6911609310638168
      ],
      [
        1.0,
        1.0,
        1.0,
        0.8868116927260367,
        0.6911609310638168
      ],
      [
        0.8868116927260367,
        0.8868116927260367,
        0.8868116927260367,
        1.0,
        0.8113010048498246
      ],
      [
        0.6911609310638168,
        0.6911609310638168,
        0.6911609310638168,
        0.8113010048498246,
        1.0
      ]
    ],
    "pairwise_match_rate": [
      [
        1.0,
        1.0,
        1.0,
        0.020833333333333332,
        0.07334963325183375
      ],
      [
        1.0,
        1.0,
        1.0,
        0.020833333333333332,
        0.07334963325183375
      ],
      [
        1.0,
        1.0,
        1.0,
        0.020833333333333332,
        0.07334963325183375
      ],
      [
        0.020833333333333332,
        0.020833333333333332,
        0.020833333333333332,
        1.0,
        0.004889975550122249
      ],
      [
        0.07334963325183375,
        0.07334963325183375,
        0.07334963325183375,
        0.004889975550122249,
        1.0
      ]
    ]
  },
  "edge": {
    "methods": [
      "cellpose3_cyto3",
      "cellpose3_nuclei",
      "cellpose_sam",
      "instanseg",
      "stardist"
    ],
    "pairwise_iou": [
      [
        1.0,
        1.0,
        1.0,
        0.8085632928029072,
        0.7456890485954987
      ],
      [
        1.0,
        1.0,
        1.0,
        0.8085632928029072,
        0.7456890485954987
      ],
      [
        1.0,
        1.0,
        1.0,
        0.8085632928029072,
        0.7456890485954987
      ],
      [
        0.8085632928029072,
        0.8085632928029072,
        0.8085632928029072,
        1.0,
        0.7431032050442534
      ],
      [
        0.7456890485954987,
        0.7456890485954987,
        0.7456890485954987,
        0.7431032050442534,
        1.0
      ]
    ],
    "pairwise_match_rate": [
      [
        1.0,
        1.0,
        1.0,
        0.5376344086021505,
        0.46236559139784944
      ],
      [
        1.0,
        1.0,
        1.0,
        0.5376344086021505,
        0.46236559139784944
      ],
      [
        1.0,
        1.0,
        1.0,
        0.5376344086021505,
        0.46236559139784944
      ],
      [
        0.5376344086021505,
        0.5376344086021505,
        0.5376344086021505,
        1.0,
        0.6213592233009708
      ],
      [
        0.46236559139784944,
        0.46236559139784944,
        0.46236559139784944,
        0.6213592233009708,
        1.0
      ]
    ]
  },
  "immune": {
    "methods": [
      "cellpose3_cyto3",
      "cellpose3_nuclei",
      "cellpose_sam",
      "instanseg",
      "stardist"
    ],
    "pairwise_iou": [
      [
        1.0,
        1.0,
        1.0,
        0.784604966513581,
        0.7322311947243481
      ],
      [
        1.0,
        1.0,
        1.0,
        0.784604966513581,
        0.7322311947243481
      ],
      [
        1.0,
        1.0,
        1.0,
        0.784604966513581,
        0.7322311947243481
      ],
      [
        0.784604966513581,
        0.784604966513581,
        0.784604966513581,
        1.0,
        0.7305793123079556
      ],
      [
        0.7322311947243481,
        0.7322311947243481,
        0.7322311947243481,
        0.7305793123079556,
        1.0
      ]
    ],
    "pairwise_match_rate": [
      [
        1.0,
        1.0,
        1.0,
        0.052795031055900624,
        0.5372670807453416
      ],
      [
        1.0,
        1.0,
        1.0,
        0.052795031055900624,
        0.5372670807453416
      ],
      [
        1.0,
        1.0,
        1.0,
        0.052795031055900624,
        0.5372670807453416
      ],
      [
        0.052795031055900624,
        0.052795031055900624,
        0.052795031055900624,
        1.0,
        0.04
      ],
      [
        0.5372670807453416,
        0.5372670807453416,
        0.5372670807453416,
        0.04,
        1.0
      ]
    ]
  },
  "mixed": {
    "methods": [
      "cellpose3_cyto3",
      "cellpose3_nuclei",
      "cellpose_sam",
      "instanseg",
      "stardist"
    ],
    "pairwise_iou": [
      [
        1.0,
        1.0,
        1.0,
        0.8244537840552206,
        0.7691614638521254
      ],
      [
        1.0,
        1.0,
        1.0,
        0.8244537840552206,
        0.7691614638521254
      ],
      [
        1.0,
        1.0,
        1.0,
        0.8244537840552206,
        0.7691614638521254
      ],
      [
        0.8244537840552206,
        0.8244537840552206,
        0.8244537840552206,
        1.0,
        0.7506975062073061
      ],
      [
        0.7691614638521254,
        0.7691614638521254,
        0.7691614638521254,
        0.7506975062073061,
        1.0
      ]
    ],
    "pairwise_match_rate": [
      [
        1.0,
        1.0,
        1.0,
        0.7265625,
        0.4975845410628019
      ],
      [
        1.0,
        1.0,
        1.0,
        0.7265625,
        0.4975845410628019
      ],
      [
        1.0,
        1.0,
        1.0,
        0.7265625,
        0.4975845410628019
      ],
      [
        0.7265625,
        0.7265625,
        0.7265625,
        1.0,
        0.3743961352657005
      ],
      [
        0.4975845410628019,
        0.4975845410628019,
        0.4975845410628019,
        0.3743961352657005,
        1.0
      ]
    ]
  },
  "sparse": {
    "methods": [
      "cellpose3_cyto3",
      "cellpose3_nuclei",
      "cellpose_sam",
      "instanseg",
      "stardist"
    ],
    "pairwise_iou": [
      [
        1.0,
        1.0,
        1.0,
        0.757331892298691,
        0.7287128248205548
      ],
      [
        1.0,
        1.0,
        1.0,
        0.757331892298691,
        0.7287128248205548
      ],
      [
        1.0,
        1.0,
        1.0,
        0.757331892298691,
        0.7287128248205548
      ],
      [
        0.757331892298691,
        0.757331892298691,
        0.757331892298691,
        1.0,
        0.7243485476101943
      ],
      [
        0.7287128248205548,
        0.7287128248205548,
        0.7287128248205548,
        0.7243485476101943,
        1.0
      ]
    ],
    "pairwise_match_rate": [
      [
        1.0,
        1.0,
        1.0,
        0.32608695652173914,
        0.39436619718309857
      ],
      [
        1.0,
        1.0,
        1.0,
        0.32608695652173914,
        0.39436619718309857
      ],
      [
        1.0,
        1.0,
        1.0,
        0.32608695652173914,
        0.39436619718309857
      ],
      [
        0.32608695652173914,
        0.32608695652173914,
        0.32608695652173914,
        1.0,
        0.2112676056338028
      ],
      [
        0.39436619718309857,
        0.39436619718309857,
        0.39436619718309857,
        0.2112676056338028,
        1.0
      ]
    ]
  }
}