{
  "test_f1": 0.30539635063101905,
  "test_acc": 0.51022566623763,
  "best_val_f1": 0.30444086058562403,
  "backbone": "nuspire",
  "n_train": 1769335,
  "n_test": 379144
}