{
  "test_f1": 0.3883244293055006,
  "test_acc": 0.5472089760091152,
  "best_val_f1": 0.3871856922450788,
  "backbone": "dinov2_vits14",
  "embed_dim": 384
}