{
  "test_f1": 0.4021958223247092,
  "test_acc": 0.5582839237862132,
  "best_val_f1": 0.40130105841652874,
  "backbone": "phikon-v2",
  "n_train": 1769335,
  "n_test": 379144
}