{
  "test_f1": 0.39285179011364946,
  "test_acc": 0.5566170109509844,
  "best_val_f1": 0.39277591710547055,
  "backbone": "lora_openphenom",
  "lora_rank": 16,
  "lora_alpha": 32,
  "trainable_params": 836868,
  "total_params": 23296644,
  "frozen_f1": 0.374,
  "epochs_trained": 13
}