{
  "test_f1": 0.3387305353170393,
  "test_acc": 0.5124068955330956,
  "best_val_f1": 0.33736869868392044,
  "backbone": "lora_nuspire",
  "lora_rank": 16,
  "lora_alpha": 32,
  "trainable_params": 1082628,
  "total_params": 86340612,
  "frozen_f1": 0.305,
  "epochs_trained": 10
}